method,avg_score,max_score,min_score,avg_highest_tile,max_highest_tile,avg_time_per_move,moves_per_second,time_for_10_moves
random,1092.0264,5272,108,107.2224,512,4.708329112152886e-05,21238.957094542387,0.0004708329112152886
simple,3085.956,11668,568,236.976,1024,0.0001039987577837749,9615.499466629326,0.001039987577837749
minmax,17180.2,35204,8932,1203.2,2048,0.05944166907110319,16.82321535762759,0.5944166907110319
alpha_beta,15015.333333333334,27432,5108,1058.1333333333334,2048,0.021749998329908052,45.977015024636444,0.21749998329908052
expectimax,23266.4,71028,3624,1561.6,4096,0.04004869019256159,24.96960562734544,0.40048690192561587
